<?xml version="1.0" encoding="UTF-8"?>
<project-private xmlns="http://www.netbeans.org/ns/project-private/1">
    <editor-bookmarks xmlns="http://www.netbeans.org/ns/editor-bookmarks/2" lastBookmarkId="0"/>
    <open-files xmlns="http://www.netbeans.org/ns/projectui-open-files/2">
        <group>
            <file>file:/C:/NetBeansProjects/asys/src/asys/thedrake/view/TileView.java</file>
            <file>file:/C:/NetBeansProjects/asys/src/asys/thedrake/view/BoardView.java</file>
            <file>file:/C:/NetBeansProjects/asys/src/asys/thedrake/view/TheDrakeApplication.java</file>
            <file>file:/C:/NetBeansProjects/asys/src/asys/thedrake/view/TroopView.java</file>
            <file>file:/C:/NetBeansProjects/asys/src/asys/thedrake/view/StackView.java</file>
            <file>file:/C:/NetBeansProjects/asys/src/asys/thedrake/view/FXMLDocumentController.java</file>
            <file>file:/C:/NetBeansProjects/asys/src/asys/thedrake/view/DrakeScreen.java</file>
        </group>
    </open-files>
</project-private>
